id;lab_ref_no;lab_ref_order;lab_qr;lab_ref;payed_with;pdf_file;pdf_file_content_type;pdf_file_url;samples;blocks;slides;sampling_date;receiving_date;contract_type;is_withdrawn;withdraw_date;file_no;payment_type;price;discount;paid;not_paid;urgent_sample;revision_date;report_date;clinical_data;clinical_date;gross_examination;gross_date;microscopic_data;microscopic_date;results;conclusion;conclusion_date;discount_notes;notes;specimen_status;new_blocks_requested;received_in_formalin;reserve;printed_out;sms_sent;online_report
1;quantify;parse B2C;program Multi-tiered Malta;HSO;ATM;../fake-data/blob/hipster.png;image/png;Executive e-markets Liaison;76838;36545;24855;2022-04-25;2022-04-25;SIZE;false;2022-04-25;wireless Borders;CASH;18275;94197;52119;60224;true;2022-04-25;2022-04-25;Health cyan Producer;2022-04-25;Director;2022-04-25;sticky Sleek;2022-04-25;MALIGNANT;RSS;2022-04-25;Strategist Unbranded;Director;READY;73126;true;false;false;false;true
2;embrace Planner;Assistant;actuating Tonga Dakota;H;CASH;../fake-data/blob/hipster.png;image/png;digital salmon;4802;35521;18604;2022-04-25;2022-04-25;SIZE;true;2022-04-25;leverage;MONTHLY;66819;37611;83167;38047;true;2022-04-25;2022-04-25;Configuration;2022-04-25;Berkshire hack Exclusive;2022-04-25;International District web-readiness;2022-04-25;NORMAL;contingency Massachusetts;2022-04-25;Vermont;Bike time-frame;READY;64202;false;true;true;false;false
3;deposit;Implementation;leverage;H;CASH;../fake-data/blob/hipster.png;image/png;e-tailers Regional;76545;80413;51702;2022-04-25;2022-04-25;SPECIMEN;true;2022-04-25;Multi-lateral Lilangeni parse;MONTHLY;23599;55427;92891;91993;true;2022-04-25;2022-04-25;Fresh encoding;2022-04-25;Card Dinar;2022-04-25;local Decentralized Bedfordshire;2022-04-25;INFLAMMATION;Personal;2022-04-26;invoice Beauty Granite;Handmade;REVISION;7127;true;true;false;true;true
4;Gorgeous;applications firmware port;Regional;HSO;ATM;../fake-data/blob/hipster.png;image/png;Metal;65940;2109;333;2022-04-25;2022-04-25;SPECIMEN;true;2022-04-25;copying array;CASH;92933;20704;79212;61496;true;2022-04-25;2022-04-25;approach;2022-04-25;backing digital;2022-04-25;Multi-layered;2022-04-25;OTHER;Automotive;2022-04-25;platforms compressing;sensor Metrics;READY;25032;true;true;false;false;false
5;Wooden;cross-platform user-centric Accounts;Bedfordshire Rubber Principal;HSO;ATM;../fake-data/blob/hipster.png;image/png;wireless;91138;17510;80;2022-04-25;2022-04-25;SPECIMEN;true;2022-04-25;solid Courts;MONTHLY;27092;40273;17990;93517;true;2022-04-25;2022-04-25;Garden;2022-04-25;Automotive;2022-04-25;hard Avon Personal;2022-04-25;OTHER;Diverse Caribbean Guinea;2022-04-25;Cambridgeshire deposit;primary;GROSSING;66648;false;false;false;true;false
6;Tasty;Chair;deposit Mexico;IH;ATM;../fake-data/blob/hipster.png;image/png;back-end;37319;14705;34843;2022-04-25;2022-04-25;SIZE;true;2022-04-25;parse Isle Road;MONTHLY;56938;85729;16162;30490;true;2022-04-25;2022-04-25;Integration;2022-04-25;system;2022-04-25;Manat Advanced;2022-04-25;MALIGNANT;circuit Fantastic;2022-04-25;Table;compelling drive Fantastic;CUTTING;50496;true;true;false;true;true
7;cyan;Canyon;Awesome Table;IHSO;ATM;../fake-data/blob/hipster.png;image/png;solution-oriented;75151;56259;84369;2022-04-25;2022-04-25;SIZE;true;2022-04-25;deposit;CASH;97142;46314;57164;38877;true;2022-04-25;2022-04-25;Caledonia bus Cheese;2022-04-25;e-enable Investment Baby;2022-04-25;bypass Account Canyon;2022-04-25;NORMAL;Checking;2022-04-25;Concrete;Tools Orchestrator Plastic;RECEIVED;53238;true;false;false;true;true
8;engine Investor;connecting;administration;IH;CASH;../fake-data/blob/hipster.png;image/png;Ergonomic Metal;45402;63165;938;2022-04-25;2022-04-25;SIZE;false;2022-04-25;Infrastructure;CASH;76105;76703;27039;9790;false;2022-04-25;2022-04-25;User-centric Awesome;2022-04-25;New;2022-04-25;Configuration;2022-04-25;INFLAMMATION;Hat Namibia;2022-04-25;Implementation;Ohio;RECEIVED;72950;false;false;false;true;false
9;bypassing;Quetzal;violet online incentivize;H;CASH;../fake-data/blob/hipster.png;image/png;Cambridgeshire modular SSL;65954;61934;6714;2022-04-25;2022-04-25;SIZE;true;2022-04-25;24/365 payment;MONTHLY;81532;57823;98501;5994;false;2022-04-25;2022-04-25;Egyptian;2022-04-25;relationships knowledge Dollar;2022-04-25;Grocery;2022-04-25;OTHER;Investor synthesize;2022-04-25;Gorgeous;Sheqel Clothing;PROCESSING;51803;false;true;false;false;false
10;Balanced orchid Buckinghamshire;Web Global;Planner Chair Auto;C;CASH;../fake-data/blob/hipster.png;image/png;generating JBOD York;2476;48635;56171;2022-04-25;2022-04-25;SIZE;false;2022-04-25;Wooden Ergonomic maroon;CASH;59573;88633;50696;22634;true;2022-04-25;2022-04-25;algorithm optimizing Sports;2022-04-25;El Arizona;2022-04-25;algorithm;2022-04-25;BENIGN;paradigm;2022-04-25;tan workforce United;monetize;GROSSING;4406;false;false;false;true;false
